Team,American,Percent
DK,-200,52.77
RNG,155,31.01
MAD,1300,5.617
C9,1600,4.6677
PSG,4000,1.8987
UOL,6600,1.1867
IW,9000,0.87
PNG,10000,0.7911
DFM,15000,0.55379
INF,25000,0.31646
PGG,25000,0.31646
